{
    "scenario1.yaml": {
        "order": [
            6,
            4,
            2,
            7,
            3,
            9,
            5,
            1,
            0,
            8
        ],
        "min_dist": 53.451108678324196
    },
    "scenario2.yaml": {
        "order": [
            6,
            4,
            2,
            7,
            3,
            9,
            5,
            1,
            0,
            8
        ],
        "min_dist": 53.451108678324196
    },
    "scenario4.yaml": {
        "order": [
            2,
            0,
            1,
            4,
            3
        ],
        "min_dist": 36.70449619585884
    }
}